	0
ID=gene-PPRIM_AZ9-3.1.T0040119	1
ID=gene-PPRIM_AZ9-3.1.T0040135	1
ID=gene-PPRIM_AZ9-3.1.T0040376	1
ID=gene-PPRIM_AZ9-3.1.T0050049	1
ID=gene-PPRIM_AZ9-3.1.T0050130	1
ID=gene-PPRIM_AZ9-3.1.T0050391	1
ID=gene-PPRIM_AZ9-3.1.T0050410	1
ID=gene-PPRIM_AZ9-3.1.T0050459	1
ID=gene-PPRIM_AZ9-3.1.T0050562	1
ID=gene-PPRIM_AZ9-3.1.T0050561	1
ID=gene-PPRIM_AZ9-3.1.T0060003	1
ID=gene-PPRIM_AZ9-3.1.T0060040	1
ID=gene-PPRIM_AZ9-3.1.T0060194	1
ID=gene-PPRIM_AZ9-3.1.T0060200	1
ID=gene-PPRIM_AZ9-3.1.T0080202	1
ID=gene-PPRIM_AZ9-3.1.T0080201	1
ID=gene-PPRIM_AZ9-3.1.T0080215	1
ID=gene-PPRIM_AZ9-3.1.T0080342	1
ID=gene-PPRIM_AZ9-3.1.T0090421	1
ID=gene-PPRIM_AZ9-3.1.T0100032	1
ID=gene-PPRIM_AZ9-3.1.T0100114	1
ID=gene-PPRIM_AZ9-3.1.T0100235	1
ID=gene-PPRIM_AZ9-3.1.T0110137	1
ID=gene-PPRIM_AZ9-3.1.T0110214	1
ID=gene-PPRIM_AZ9-3.1.T0110359	1
ID=gene-PPRIM_AZ9-3.1.T0110453	1
ID=gene-PPRIM_AZ9-3.1.T0120068	1
ID=gene-PPRIM_AZ9-3.1.T0130006	1
ID=gene-PPRIM_AZ9-3.1.T0130254	1
ID=gene-PPRIM_AZ9-3.1.T0140293	1
ID=gene-PPRIM_AZ9-3.1.T0140372	1
ID=gene-PPRIM_AZ9-3.1.T0170174	1
ID=gene-PPRIM_AZ9-3.1.T0170202	1
ID=gene-PPRIM_AZ9-3.1.T0170199	1
ID=gene-PPRIM_AZ9-3.1.T0180002	1
ID=gene-PPRIM_AZ9-3.1.T0180388	1
ID=gene-PPRIM_AZ9-3.1.T0190158	1
ID=gene-PPRIM_AZ9-3.1.T0190313	1
ID=gene-PPRIM_AZ9-3.1.T0190355	1
ID=gene-PPRIM_AZ9-3.1.T0190361	1
ID=gene-PPRIM_AZ9-3.1.T0200080	1
ID=gene-PPRIM_AZ9-3.1.T0210180	1
ID=gene-PPRIM_AZ9-3.1.T0210201	1
ID=gene-PPRIM_AZ9-3.1.T0210397	1
ID=gene-PPRIM_AZ9-3.1.T0220191	1
ID=gene-PPRIM_AZ9-3.1.T0230165	1
ID=gene-PPRIM_AZ9-3.1.T0230286	1
ID=gene-PPRIM_AZ9-3.1.T0230370	1
ID=gene-PPRIM_AZ9-3.1.T0240049	1
ID=gene-PPRIM_AZ9-3.1.T0240088	1
ID=gene-PPRIM_AZ9-3.1.T0240325	1
ID=gene-PPRIM_AZ9-3.1.T0240376	1
ID=gene-PPRIM_AZ9-3.1.T0240389	1
ID=gene-PPRIM_AZ9-3.1.T0250046	1
ID=gene-PPRIM_AZ9-3.1.T0250120	1
ID=gene-PPRIM_AZ9-3.1.T0250143	1
ID=gene-PPRIM_AZ9-3.1.T0260182	1
ID=gene-PPRIM_AZ9-3.1.T0260190	1
ID=gene-PPRIM_AZ9-3.1.T0260206	1
ID=gene-PPRIM_AZ9-3.1.T0270122	1
ID=gene-PPRIM_AZ9-3.1.T0270207	1
ID=gene-PPRIM_AZ9-3.1.T0280108	1
ID=gene-PPRIM_AZ9-3.1.T0290007	1
ID=gene-PPRIM_AZ9-3.1.T0290014	1
ID=gene-PPRIM_AZ9-3.1.T0290075	1
ID=gene-PPRIM_AZ9-3.1.T0290134	1
ID=gene-PPRIM_AZ9-3.1.T0290184	1
ID=gene-PPRIM_AZ9-3.1.T0290215	1
ID=gene-PPRIM_AZ9-3.1.T0290237	1
ID=gene-PPRIM_AZ9-3.1.T0290236	1
ID=gene-PPRIM_AZ9-3.1.T0300031	1
ID=gene-PPRIM_AZ9-3.1.T0310006	1
ID=gene-PPRIM_AZ9-3.1.T0310021	1
ID=gene-PPRIM_AZ9-3.1.T0310071	1
ID=gene-PPRIM_AZ9-3.1.T0310299	1
ID=gene-PPRIM_AZ9-3.1.T0320016	1
ID=gene-PPRIM_AZ9-3.1.T0320181	1
ID=gene-PPRIM_AZ9-3.1.T0330154	1
ID=gene-PPRIM_AZ9-3.1.T0340020	1
ID=gene-PPRIM_AZ9-3.1.T0340141	1
ID=gene-PPRIM_AZ9-3.1.T0340157	1
ID=gene-PPRIM_AZ9-3.1.T0340219	1
ID=gene-PPRIM_AZ9-3.1.T0350012	1
ID=gene-PPRIM_AZ9-3.1.T0350021	1
ID=gene-PPRIM_AZ9-3.1.T0350050	1
ID=gene-PPRIM_AZ9-3.1.T0350083	1
ID=gene-PPRIM_AZ9-3.1.T0350099	1
ID=gene-PPRIM_AZ9-3.1.T0350165	1
ID=gene-PPRIM_AZ9-3.1.T0350164	1
ID=gene-PPRIM_AZ9-3.1.T0350278	1
ID=gene-PPRIM_AZ9-3.1.T0350319	1
ID=gene-PPRIM_AZ9-3.1.T0360263	1
ID=gene-PPRIM_AZ9-3.1.T0370068	1
ID=gene-PPRIM_AZ9-3.1.T0370073	1
ID=gene-PPRIM_AZ9-3.1.T0370156	1
ID=gene-PPRIM_AZ9-3.1.T0370153	1
ID=gene-PPRIM_AZ9-3.1.T0370330	1
ID=gene-PPRIM_AZ9-3.1.T0380087	1
ID=gene-PPRIM_AZ9-3.1.T0380248	1
ID=gene-PPRIM_AZ9-3.1.T0390047	1
ID=gene-PPRIM_AZ9-3.1.T0390075	1
ID=gene-PPRIM_AZ9-3.1.T0390074	1
ID=gene-PPRIM_AZ9-3.1.T0390125	1
ID=gene-PPRIM_AZ9-3.1.T0390124	1
ID=gene-PPRIM_AZ9-3.1.T0390191	1
ID=gene-PPRIM_AZ9-3.1.T0390190	1
ID=gene-PPRIM_AZ9-3.1.T0400292	1
ID=gene-PPRIM_AZ9-3.1.T0410087	1
ID=gene-PPRIM_AZ9-3.1.T0410160	1
ID=gene-PPRIM_AZ9-3.1.T0420093	1
ID=gene-PPRIM_AZ9-3.1.T0420133	1
ID=gene-PPRIM_AZ9-3.1.T0430029	1
ID=gene-PPRIM_AZ9-3.1.T0430162	1
ID=gene-PPRIM_AZ9-3.1.T0430245	1
ID=gene-PPRIM_AZ9-3.1.T0430244	1
ID=gene-PPRIM_AZ9-3.1.T0440056	1
ID=gene-PPRIM_AZ9-3.1.T0440248	1
ID=gene-PPRIM_AZ9-3.1.T0460076	1
ID=gene-PPRIM_AZ9-3.1.T0460095	1
ID=gene-PPRIM_AZ9-3.1.T0460181	1
ID=gene-PPRIM_AZ9-3.1.T0460255	1
ID=gene-PPRIM_AZ9-3.1.T0470129	1
ID=gene-PPRIM_AZ9-3.1.T0480002	1
ID=gene-PPRIM_AZ9-3.1.T0480107	1
ID=gene-PPRIM_AZ9-3.1.T0490117	1
ID=gene-PPRIM_AZ9-3.1.T0500125	1
ID=gene-PPRIM_AZ9-3.1.T0500219	1
ID=gene-PPRIM_AZ9-3.1.T0500218	1
ID=gene-PPRIM_AZ9-3.1.T0500281	1
ID=gene-PPRIM_AZ9-3.1.T0500304	1
ID=gene-PPRIM_AZ9-3.1.T0510095	1
ID=gene-PPRIM_AZ9-3.1.T0510292	1
ID=gene-PPRIM_AZ9-3.1.T0520067	1
ID=gene-PPRIM_AZ9-3.1.T0520075	1
ID=gene-PPRIM_AZ9-3.1.T0520131	1
ID=gene-PPRIM_AZ9-3.1.T0520180	1
ID=gene-PPRIM_AZ9-3.1.T0530006	1
ID=gene-PPRIM_AZ9-3.1.T0530126	1
ID=gene-PPRIM_AZ9-3.1.T0530178	1
ID=gene-PPRIM_AZ9-3.1.T0540301	1
ID=gene-PPRIM_AZ9-3.1.T0550117	1
ID=gene-PPRIM_AZ9-3.1.T0550118	1
ID=gene-PPRIM_AZ9-3.1.T0550127	1
ID=gene-PPRIM_AZ9-3.1.T0550129	1
ID=gene-PPRIM_AZ9-3.1.T0550164	1
ID=gene-PPRIM_AZ9-3.1.T0550225	1
ID=gene-PPRIM_AZ9-3.1.T0560193	1
ID=gene-PPRIM_AZ9-3.1.T0560218	1
ID=gene-PPRIM_AZ9-3.1.T0560232	1
ID=gene-PPRIM_AZ9-3.1.T0570001	1
ID=gene-PPRIM_AZ9-3.1.T0570002	1
ID=gene-PPRIM_AZ9-3.1.T0570020	1
ID=gene-PPRIM_AZ9-3.1.T0570074	1
ID=gene-PPRIM_AZ9-3.1.T0570192	1
ID=gene-PPRIM_AZ9-3.1.T0580035	1
ID=gene-PPRIM_AZ9-3.1.T0580107	1
ID=gene-PPRIM_AZ9-3.1.T0580121	1
ID=gene-PPRIM_AZ9-3.1.T0580176	1
ID=gene-PPRIM_AZ9-3.1.T0580175	1
ID=gene-PPRIM_AZ9-3.1.T0580226	1
ID=gene-PPRIM_AZ9-3.1.T0580248	1
ID=gene-PPRIM_AZ9-3.1.T0590052	1
ID=gene-PPRIM_AZ9-3.1.T0600032	1
ID=gene-PPRIM_AZ9-3.1.T0610098	1
ID=gene-PPRIM_AZ9-3.1.T0610108	1
ID=gene-PPRIM_AZ9-3.1.T0610211	1
ID=gene-PPRIM_AZ9-3.1.T0610230	1
ID=gene-PPRIM_AZ9-3.1.T0620022	1
ID=gene-PPRIM_AZ9-3.1.T0620181	1
ID=gene-PPRIM_AZ9-3.1.T0630013	1
ID=gene-PPRIM_AZ9-3.1.T0630012	1
ID=gene-PPRIM_AZ9-3.1.T0630045	1
ID=gene-PPRIM_AZ9-3.1.T0640064	1
ID=gene-PPRIM_AZ9-3.1.T0640194	1
ID=gene-PPRIM_AZ9-3.1.T0640244	1
ID=gene-PPRIM_AZ9-3.1.T0650138	1
ID=gene-PPRIM_AZ9-3.1.T0650137	1
ID=gene-PPRIM_AZ9-3.1.T0650206	1
ID=gene-PPRIM_AZ9-3.1.T0660128	1
ID=gene-PPRIM_AZ9-3.1.T0670092	1
ID=gene-PPRIM_AZ9-3.1.T0670266	1
ID=gene-PPRIM_AZ9-3.1.T0670269	1
ID=gene-PPRIM_AZ9-3.1.T0700004	1
ID=gene-PPRIM_AZ9-3.1.T0700186	1
ID=gene-PPRIM_AZ9-3.1.T0700185	1
ID=gene-PPRIM_AZ9-3.1.T0700192	1
ID=gene-PPRIM_AZ9-3.1.T0710187	1
ID=gene-PPRIM_AZ9-3.1.T0710190	1
ID=gene-PPRIM_AZ9-3.1.T0720182	1
ID=gene-PPRIM_AZ9-3.1.T0740005	1
ID=gene-PPRIM_AZ9-3.1.T0750042	1
ID=gene-PPRIM_AZ9-3.1.T0780062	1
ID=gene-PPRIM_AZ9-3.1.T0780086	1
ID=gene-PPRIM_AZ9-3.1.T0780211	1
ID=gene-PPRIM_AZ9-3.1.T0790001	1
ID=gene-PPRIM_AZ9-3.1.T0790109	1
ID=gene-PPRIM_AZ9-3.1.T0790111	1
ID=gene-PPRIM_AZ9-3.1.T0790192	1
ID=gene-PPRIM_AZ9-3.1.T0800095	1
ID=gene-PPRIM_AZ9-3.1.T0800132	1
ID=gene-PPRIM_AZ9-3.1.T0810009	1
ID=gene-PPRIM_AZ9-3.1.T0820055	1
ID=gene-PPRIM_AZ9-3.1.T0820123	1
ID=gene-PPRIM_AZ9-3.1.T0820134	1
ID=gene-PPRIM_AZ9-3.1.T0830010	1
ID=gene-PPRIM_AZ9-3.1.T0830188	1
ID=gene-PPRIM_AZ9-3.1.T0830199	1
ID=gene-PPRIM_AZ9-3.1.T0840134	1
ID=gene-PPRIM_AZ9-3.1.T0840168	1
ID=gene-PPRIM_AZ9-3.1.T0840171	1
ID=gene-PPRIM_AZ9-3.1.T0850006	1
ID=gene-PPRIM_AZ9-3.1.T0850174	1
ID=gene-PPRIM_AZ9-3.1.T0850171	1
ID=gene-PPRIM_AZ9-3.1.T0860004	1
ID=gene-PPRIM_AZ9-3.1.T0860003	1
ID=gene-PPRIM_AZ9-3.1.T0870004	1
ID=gene-PPRIM_AZ9-3.1.T0870154	1
ID=gene-PPRIM_AZ9-3.1.T0870182	1
ID=gene-PPRIM_AZ9-3.1.T0870192	1
ID=gene-PPRIM_AZ9-3.1.T0880102	1
ID=gene-PPRIM_AZ9-3.1.T0880099	1
ID=gene-PPRIM_AZ9-3.1.T0880117	1
ID=gene-PPRIM_AZ9-3.1.T0880198	1
ID=gene-PPRIM_AZ9-3.1.T0890146	1
ID=gene-PPRIM_AZ9-3.1.T0890202	1
ID=gene-PPRIM_AZ9-3.1.T0900221	1
ID=gene-PPRIM_AZ9-3.1.T0910034	1
ID=gene-PPRIM_AZ9-3.1.T0910127	1
ID=gene-PPRIM_AZ9-3.1.T0920179	1
ID=gene-PPRIM_AZ9-3.1.T0930036	1
ID=gene-PPRIM_AZ9-3.1.T0930035	1
ID=gene-PPRIM_AZ9-3.1.T0950017	1
ID=gene-PPRIM_AZ9-3.1.T0950033	1
ID=gene-PPRIM_AZ9-3.1.T0950118	1
ID=gene-PPRIM_AZ9-3.1.T0960064	1
ID=gene-PPRIM_AZ9-3.1.T0960152	1
ID=gene-PPRIM_AZ9-3.1.T0970126	1
ID=gene-PPRIM_AZ9-3.1.T0980127	1
ID=gene-PPRIM_AZ9-3.1.T0980179	1
ID=gene-PPRIM_AZ9-3.1.T0980178	1
ID=gene-PPRIM_AZ9-3.1.T0990002	1
ID=gene-PPRIM_AZ9-3.1.T0990108	1
ID=gene-PPRIM_AZ9-3.1.T1000002	1
ID=gene-PPRIM_AZ9-3.1.T1020062	1
ID=gene-PPRIM_AZ9-3.1.T1020197	1
ID=gene-PPRIM_AZ9-3.1.T1030169	1
ID=gene-PPRIM_AZ9-3.1.T1050127	1
ID=gene-PPRIM_AZ9-3.1.T1090035	1
ID=gene-PPRIM_AZ9-3.1.T1090084	1
ID=gene-PPRIM_AZ9-3.1.T1100074	1
ID=gene-PPRIM_AZ9-3.1.T1100109	1
ID=gene-PPRIM_AZ9-3.1.T1120149	1
ID=gene-PPRIM_AZ9-3.1.T1120182	1
ID=gene-PPRIM_AZ9-3.1.T1130057	1
ID=gene-PPRIM_AZ9-3.1.T1130056	1
ID=gene-PPRIM_AZ9-3.1.T1130139	1
ID=gene-PPRIM_AZ9-3.1.T1140144	1
ID=gene-PPRIM_AZ9-3.1.T1150024	1
ID=gene-PPRIM_AZ9-3.1.T1170189	1
ID=gene-PPRIM_AZ9-3.1.T1180087	1
ID=gene-PPRIM_AZ9-3.1.T1180095	1
ID=gene-PPRIM_AZ9-3.1.T1180189	1
ID=gene-PPRIM_AZ9-3.1.T1180198	1
ID=gene-PPRIM_AZ9-3.1.T1190042	1
ID=gene-PPRIM_AZ9-3.1.T1190120	1
ID=gene-PPRIM_AZ9-3.1.T1200001	1
ID=gene-PPRIM_AZ9-3.1.T1200040	1
ID=gene-PPRIM_AZ9-3.1.T1210072	1
ID=gene-PPRIM_AZ9-3.1.T1230005	1
ID=gene-PPRIM_AZ9-3.1.T1230013	1
ID=gene-PPRIM_AZ9-3.1.T1230087	1
ID=gene-PPRIM_AZ9-3.1.T1230086	1
ID=gene-PPRIM_AZ9-3.1.T1240026	1
ID=gene-PPRIM_AZ9-3.1.T1250001	1
ID=gene-PPRIM_AZ9-3.1.T1250015	1
ID=gene-PPRIM_AZ9-3.1.T1270026	1
ID=gene-PPRIM_AZ9-3.1.T1270034	1
ID=gene-PPRIM_AZ9-3.1.T1290026	1
ID=gene-PPRIM_AZ9-3.1.T1300061	1
ID=gene-PPRIM_AZ9-3.1.T1310075	1
ID=gene-PPRIM_AZ9-3.1.T1340055	1
ID=gene-PPRIM_AZ9-3.1.T1340078	1
ID=gene-PPRIM_AZ9-3.1.T1340077	1
ID=gene-PPRIM_AZ9-3.1.T1350034	1
ID=gene-PPRIM_AZ9-3.1.T1350149	1
ID=gene-PPRIM_AZ9-3.1.T1350159	1
ID=gene-PPRIM_AZ9-3.1.T1360115	1
ID=gene-PPRIM_AZ9-3.1.T1370032	1
ID=gene-PPRIM_AZ9-3.1.T1370034	1
ID=gene-PPRIM_AZ9-3.1.T1370052	1
ID=gene-PPRIM_AZ9-3.1.T1370084	1
ID=gene-PPRIM_AZ9-3.1.T1390076	1
ID=gene-PPRIM_AZ9-3.1.T1390108	1
ID=gene-PPRIM_AZ9-3.1.T1400034	1
ID=gene-PPRIM_AZ9-3.1.T1400064	1
ID=gene-PPRIM_AZ9-3.1.T1410009	1
ID=gene-PPRIM_AZ9-3.1.T1410103	1
ID=gene-PPRIM_AZ9-3.1.T1410102	1
ID=gene-PPRIM_AZ9-3.1.T1410123	1
ID=gene-PPRIM_AZ9-3.1.T1410158	1
ID=gene-PPRIM_AZ9-3.1.T1430006	1
ID=gene-PPRIM_AZ9-3.1.T1430105	1
ID=gene-PPRIM_AZ9-3.1.T1440042	1
ID=gene-PPRIM_AZ9-3.1.T1450102	1
ID=gene-PPRIM_AZ9-3.1.T1460064	1
ID=gene-PPRIM_AZ9-3.1.T1460125	1
ID=gene-PPRIM_AZ9-3.1.T1460142	1
ID=gene-PPRIM_AZ9-3.1.T1460141	1
ID=gene-PPRIM_AZ9-3.1.T1470079	1
ID=gene-PPRIM_AZ9-3.1.T1470078	1
ID=gene-PPRIM_AZ9-3.1.T1480046	1
ID=gene-PPRIM_AZ9-3.1.T1480048	1
ID=gene-PPRIM_AZ9-3.1.T1490037	1
ID=gene-PPRIM_AZ9-3.1.T1500059	1
ID=gene-PPRIM_AZ9-3.1.T1500061	1
ID=gene-PPRIM_AZ9-3.1.T1520008	1
ID=gene-PPRIM_AZ9-3.1.T1520032	1
ID=gene-PPRIM_AZ9-3.1.T1520031	1
ID=gene-PPRIM_AZ9-3.1.T1530050	1
ID=gene-PPRIM_AZ9-3.1.T1530103	1
ID=gene-PPRIM_AZ9-3.1.T1550006	1
ID=gene-PPRIM_AZ9-3.1.T1550017	1
ID=gene-PPRIM_AZ9-3.1.T1550067	1
ID=gene-PPRIM_AZ9-3.1.T1550112	1
ID=gene-PPRIM_AZ9-3.1.T1560001	1
ID=gene-PPRIM_AZ9-3.1.T1560027	1
ID=gene-PPRIM_AZ9-3.1.T1570096	1
ID=gene-PPRIM_AZ9-3.1.T1580012	1
ID=gene-PPRIM_AZ9-3.1.T1590012	1
ID=gene-PPRIM_AZ9-3.1.T1590108	1
ID=gene-PPRIM_AZ9-3.1.T1590107	1
ID=gene-PPRIM_AZ9-3.1.T1630015	1
ID=gene-PPRIM_AZ9-3.1.T1630016	1
ID=gene-PPRIM_AZ9-3.1.T1640036	1
ID=gene-PPRIM_AZ9-3.1.T1640065	1
ID=gene-PPRIM_AZ9-3.1.T1690006	1
ID=gene-PPRIM_AZ9-3.1.T1690050	1
ID=gene-PPRIM_AZ9-3.1.T1710012	1
ID=gene-PPRIM_AZ9-3.1.T1710011	1
ID=gene-PPRIM_AZ9-3.1.T1750013	1
ID=gene-PPRIM_AZ9-3.1.T1760002	1
ID=gene-PPRIM_AZ9-3.1.T1760011	1
ID=gene-PPRIM_AZ9-3.1.T1760029	1
ID=gene-PPRIM_AZ9-3.1.T1820011	1
ID=gene-PPRIM_AZ9-3.1.T1820013	1
ID=gene-PPRIM_AZ9-3.1.T1820018	1
ID=gene-PPRIM_AZ9-3.1.T1820024	1
ID=gene-PPRIM_AZ9-3.1.T1840012	1
ID=gene-PPRIM_AZ9-3.1.T1890011	1
ID=gene-PPRIM_AZ9-3.1.T2030004	1
ID=gene-PPRIM_AZ9-3.1.T2070014	1
ID=gene-PPRIM_AZ9-3.1.T2170001	1
ID=gene-PPRIM_AZ9-3.1.T2350008	1
ID=gene-PPRIM_AZ9-3.1.T2390003	1
ID=gene-PPRIM_AZ9-3.1.T2580005	1
ID=gene-PPRIM_AZ9-3.1.T2730002	1
ID=gene-PPRIM_AZ9-3.1.T2950004	1
ID=gene-PPRIM_AZ9-3.1.T2950008	1
ID=gene-PPRIM_AZ9-3.1.T2950007	1
ID=gene-PPRIM_AZ9-3.1.T3220001	1
ID=gene-PPRIM_AZ9-3.1.T3780003	1
ID=gene-PPRIM_AZ9-3.1.T3930001	1
